-- phpMyAdmin SQL Dump
-- version 5.1.0
-- https://www.phpmyadmin.net/
--
-- Host: 127.0.0.1
-- Generation Time: Dec 30, 2021 at 08:51 AM
-- Server version: 10.4.18-MariaDB
-- PHP Version: 8.0.3

SET SQL_MODE = "NO_AUTO_VALUE_ON_ZERO";
START TRANSACTION;
SET time_zone = "+00:00";


/*!40101 SET @OLD_CHARACTER_SET_CLIENT=@@CHARACTER_SET_CLIENT */;
/*!40101 SET @OLD_CHARACTER_SET_RESULTS=@@CHARACTER_SET_RESULTS */;
/*!40101 SET @OLD_COLLATION_CONNECTION=@@COLLATION_CONNECTION */;
/*!40101 SET NAMES utf8mb4 */;

--
-- Database: `apotekayu`
--

-- --------------------------------------------------------

--
-- Table structure for table `ci_sessions`
--

CREATE TABLE `ci_sessions` (
  `id` varchar(128) NOT NULL,
  `ip_address` varchar(45) NOT NULL,
  `timestamp` int(10) UNSIGNED NOT NULL DEFAULT 0,
  `data` blob NOT NULL
) ENGINE=InnoDB DEFAULT CHARSET=utf8mb4;

--
-- Dumping data for table `ci_sessions`
--

INSERT INTO `ci_sessions` (`id`, `ip_address`, `timestamp`, `data`) VALUES
('nh2h85rl0sug37e8dtcfgqrc4d7o9c27', '::1', 1619971464, 0x5f5f63695f6c6173745f726567656e65726174657c693a313631393937313436343b),
('p1r5m6ad0gho44noleiu3vf40sq4qbk7', '::1', 1619973639, 0x5f5f63695f6c6173745f726567656e65726174657c693a313631393937333633393b),
('glb8ltfrvc6r0uoa4ivpihqs526o8v3p', '::1', 1619974000, 0x5f5f63695f6c6173745f726567656e65726174657c693a313631393937343030303b7265646972656374696f6e7c4e3b),
('60pa6bnm27hl15arm4qfdnsrj216sac1', '::1', 1619974607, 0x5f5f63695f6c6173745f726567656e65726174657c693a313631393937343630373b7265646972656374696f6e7c4e3b5f5f4143544956455f53455353494f4e5f444154417c733a3235363a2262643634333163646339353634393364663062346535643131663436343638333237666630393330373062626637303634616266323434383334656332383433653831313035333438623631306435306131333663333465373161346163346135633531373031626639383465613730623966353436646236326634313432354e577a71446f3946392f72545037444a4b4733506e4a4e713174544e7157714f6c64544649334c6e4454675545444f504976775933714d4e337670777a556758714e645a66715a44576e722f6b414679506b652b69744670384635655448476c512b4777644f776f714b39335a4e3175364334506f363847445a545162766d33223b),
('6jj4htoa08uds4ipl88oar78uib9mic0', '::1', 1619974947, 0x5f5f63695f6c6173745f726567656e65726174657c693a313631393937343934373b5f5f4143544956455f53455353494f4e5f444154417c733a3235363a22616334633737653032653531663034653162616331313633303932623438313430323964623666316232303566326331616561616462303335643339616631363036393233643762663264373364363138323536613965323266623737343336356631353165313235346333396236386466393062336662646531343337396561412f67454149716b575a304e325435584a4175534952344244776b6638584241723876524e3468434a77505576485462654379423430346c334b732f496b4b436e4d4d357a707558454b7836627943587737757650527a31396e735a595173312b6e526d6c74687033694e5853363531446c2b336e7971344a674d4b704c45223b),
('mkpfag5t076lvkraup4j1hl4er3sjbn0', '::1', 1619975084, 0x5f5f63695f6c6173745f726567656e65726174657c693a313631393937343934373b5f5f4143544956455f53455353494f4e5f444154417c733a3235363a2231613663363865316538623564316534326531303630633737653562316266643763333736373065393063363730663131346430323337383430386437613938363833336134613431333139636561316662323730313236363938356337666261366561383739333461613935333965663865313638376265326365313662304b757a5653494c62434e73366f61427a776e3273505158574f7a45304e4a5857704a6d47506458786c643239527731394446585a546141563265755143516e6f4f667746666f31594249346b444d6964636f347845726f6a492f6c4e564b775249476d435a716831326e52547a5a74676738686d507554527442595946325062223b7265646972656374696f6e7c4e3b6f726465725f666c6173687c733a32363a2253746174757320626572686173696c2064697065726261727569223b5f5f63695f766172737c613a313a7b733a31313a226f726465725f666c617368223b733a333a226f6c64223b7d),
('ojam30rdjfof9fubdov3bdb48s0520i6', '127.0.0.1', 1619975089, 0x5f5f63695f6c6173745f726567656e65726174657c693a313631393937343936393b5f5f4143544956455f53455353494f4e5f444154417c733a3235363a223433336436373235323135626562616438303562366632383166656266306664396430356639656464306462613661643032303230353463323630303138323863633561383630333337323433393930346165653766616536306439646264646333616435383765366335333237643966356133323631626139373036643537365754705675797258396a4d4a306a73456e54744e4e48495771796136334c4c59432b4a5a586a58752b4555726b6c506738466c5856346d637a6763656546794134446741455570793746693857784e51336373745247526c366447704a7a72395573703745657139657633536759564a30586349627161464e326b4c397433223b),
('kgqhae3rr2r9cm1bhvk638dhf4c0o7nl', '::1', 1620051916, 0x5f5f63695f6c6173745f726567656e65726174657c693a313632303035313931363b5f5f4143544956455f53455353494f4e5f444154417c733a3235363a223339366463376662333664363165663566643835356232626439656466633563336366303539336436616634353038396162313561316533643339636233663632346330393464646136346430376338336530336534613536356438633337323062393338656231333666313861333966353732313239663538313839303333615154305146444843447942784b686c7076555a7a4953765a72426f353653584877726735646e7850615865766a576f464576414e795555567066654b30436a706f6f55726a687a626e7536413977484c322b412f7169324d4d784f74615670685841316c716a75306b555238304c6f3968457177656c3578474877674b2b71223b),
('6bausplen2lq1d009rgus6hv299i6svp', '::1', 1620052604, 0x5f5f63695f6c6173745f726567656e65726174657c693a313632303035323630343b5f5f4143544956455f53455353494f4e5f444154417c733a3235363a223339366463376662333664363165663566643835356232626439656466633563336366303539336436616634353038396162313561316533643339636233663632346330393464646136346430376338336530336534613536356438633337323062393338656231333666313861333966353732313239663538313839303333615154305146444843447942784b686c7076555a7a4953765a72426f353653584877726735646e7850615865766a576f464576414e795555567066654b30436a706f6f55726a687a626e7536413977484c322b412f7169324d4d784f74615670685841316c716a75306b555238304c6f3968457177656c3578474877674b2b71223b73657474696e67735f666c6173687c733a33303a2250656e6761747572616e20626572686173696c2064697065726261727569223b5f5f63695f766172737c613a313a7b733a31343a2273657474696e67735f666c617368223b733a333a226f6c64223b7d),
('c1n7ncbf2dlvmeqhjnrr307cjmfvc7r5', '::1', 1620052604, 0x5f5f63695f6c6173745f726567656e65726174657c693a313632303035323630343b5f5f4143544956455f53455353494f4e5f444154417c733a3235363a223339366463376662333664363165663566643835356232626439656466633563336366303539336436616634353038396162313561316533643339636233663632346330393464646136346430376338336530336534613536356438633337323062393338656231333666313861333966353732313239663538313839303333615154305146444843447942784b686c7076555a7a4953765a72426f353653584877726735646e7850615865766a576f464576414e795555567066654b30436a706f6f55726a687a626e7536413977484c322b412f7169324d4d784f74615670685841316c716a75306b555238304c6f3968457177656c3578474877674b2b71223b73657474696e67735f666c6173687c733a33303a2250656e6761747572616e20626572686173696c2064697065726261727569223b5f5f63695f766172737c613a313a7b733a31343a2273657474696e67735f666c617368223b733a333a226f6c64223b7d),
('vg1tu1jhp75b2u837uv1585em9rb1n3i', '::1', 1620094106, 0x5f5f63695f6c6173745f726567656e65726174657c693a313632303039343130363b5f5f4143544956455f53455353494f4e5f444154417c733a3235363a2232376365633962316662393434316330366364623036383132346630333364306562393334313864376361346163313337373265643238333564346330323462623135666261373434346539353764643034336631303230383363376432613561376632303730633134653833623734393131333864663230396462343937634a587259724948465657516a443877445547614d7478784256544672615956454430734530396f49486d553369696b77416c54723472663773726a4e4931523576316176544c48654a64736949696d5159424e4a6972794e5a78784968564634666d4261446a765a7439756c426d4d387955595a762f4a6c6838564a72763176223b),
('n54run55igev998b7234roh5e4kn9dah', '::1', 1620094427, 0x5f5f63695f6c6173745f726567656e65726174657c693a313632303039343432373b5f5f4143544956455f53455353494f4e5f444154417c733a3235363a2232376365633962316662393434316330366364623036383132346630333364306562393334313864376361346163313337373265643238333564346330323462623135666261373434346539353764643034336631303230383363376432613561376632303730633134653833623734393131333864663230396462343937634a587259724948465657516a443877445547614d7478784256544672615956454430734530396f49486d553369696b77416c54723472663773726a4e4931523576316176544c48654a64736949696d5159424e4a6972794e5a78784968564634666d4261446a765a7439756c426d4d387955595a762f4a6c6838564a72763176223b),
('i8d4edpmuripoalua25afphsmpa3fptm', '::1', 1620096086, 0x5f5f63695f6c6173745f726567656e65726174657c693a313632303039363038363b5f5f4143544956455f53455353494f4e5f444154417c733a3235363a2232376365633962316662393434316330366364623036383132346630333364306562393334313864376361346163313337373265643238333564346330323462623135666261373434346539353764643034336631303230383363376432613561376632303730633134653833623734393131333864663230396462343937634a587259724948465657516a443877445547614d7478784256544672615956454430734530396f49486d553369696b77416c54723472663773726a4e4931523576316176544c48654a64736949696d5159424e4a6972794e5a78784968564634666d4261446a765a7439756c426d4d387955595a762f4a6c6838564a72763176223b),
('qp76qqrj9epp0qdo3ab6tciakr12gl2h', '::1', 1620097330, 0x5f5f63695f6c6173745f726567656e65726174657c693a313632303039373333303b5f5f4143544956455f53455353494f4e5f444154417c733a3235363a2232376365633962316662393434316330366364623036383132346630333364306562393334313864376361346163313337373265643238333564346330323462623135666261373434346539353764643034336631303230383363376432613561376632303730633134653833623734393131333864663230396462343937634a587259724948465657516a443877445547614d7478784256544672615956454430734530396f49486d553369696b77416c54723472663773726a4e4931523576316176544c48654a64736949696d5159424e4a6972794e5a78784968564634666d4261446a765a7439756c426d4d387955595a762f4a6c6838564a72763176223b),
('d9ovji9rold82610pkd4c88gcagoa3hk', '::1', 1620097639, 0x5f5f63695f6c6173745f726567656e65726174657c693a313632303039373633393b5f5f4143544956455f53455353494f4e5f444154417c733a3235363a2232376365633962316662393434316330366364623036383132346630333364306562393334313864376361346163313337373265643238333564346330323462623135666261373434346539353764643034336631303230383363376432613561376632303730633134653833623734393131333864663230396462343937634a587259724948465657516a443877445547614d7478784256544672615956454430734530396f49486d553369696b77416c54723472663773726a4e4931523576316176544c48654a64736949696d5159424e4a6972794e5a78784968564634666d4261446a765a7439756c426d4d387955595a762f4a6c6838564a72763176223b73657474696e67735f666c6173687c733a33303a2250656e6761747572616e20626572686173696c2064697065726261727569223b5f5f63695f766172737c613a313a7b733a31343a2273657474696e67735f666c617368223b733a333a226f6c64223b7d),
('399156cef2ub2g1ij0ohbjlue6s56hv3', '::1', 1620097962, 0x5f5f63695f6c6173745f726567656e65726174657c693a313632303039373936323b5f5f4143544956455f53455353494f4e5f444154417c733a3235363a2232376365633962316662393434316330366364623036383132346630333364306562393334313864376361346163313337373265643238333564346330323462623135666261373434346539353764643034336631303230383363376432613561376632303730633134653833623734393131333864663230396462343937634a587259724948465657516a443877445547614d7478784256544672615956454430734530396f49486d553369696b77416c54723472663773726a4e4931523576316176544c48654a64736949696d5159424e4a6972794e5a78784968564634666d4261446a765a7439756c426d4d387955595a762f4a6c6838564a72763176223b),
('fnpaf4ou2novdoe3avvcu9s8okgtfned', '::1', 1620098306, 0x5f5f63695f6c6173745f726567656e65726174657c693a313632303039383330363b5f5f4143544956455f53455353494f4e5f444154417c733a3235363a2232376365633962316662393434316330366364623036383132346630333364306562393334313864376361346163313337373265643238333564346330323462623135666261373434346539353764643034336631303230383363376432613561376632303730633134653833623734393131333864663230396462343937634a587259724948465657516a443877445547614d7478784256544672615956454430734530396f49486d553369696b77416c54723472663773726a4e4931523576316176544c48654a64736949696d5159424e4a6972794e5a78784968564634666d4261446a765a7439756c426d4d387955595a762f4a6c6838564a72763176223b),
('tk0lepabupisnsm9ootaita0qqc62p91', '::1', 1620098699, 0x5f5f63695f6c6173745f726567656e65726174657c693a313632303039383639393b5f5f4143544956455f53455353494f4e5f444154417c733a3235363a2232376365633962316662393434316330366364623036383132346630333364306562393334313864376361346163313337373265643238333564346330323462623135666261373434346539353764643034336631303230383363376432613561376632303730633134653833623734393131333864663230396462343937634a587259724948465657516a443877445547614d7478784256544672615956454430734530396f49486d553369696b77416c54723472663773726a4e4931523576316176544c48654a64736949696d5159424e4a6972794e5a78784968564634666d4261446a765a7439756c426d4d387955595a762f4a6c6838564a72763176223b),
('k9su0adh49iecbfcjj69ahr8cndu6m8g', '::1', 1620100655, 0x5f5f63695f6c6173745f726567656e65726174657c693a313632303130303635353b5f5f4143544956455f53455353494f4e5f444154417c733a3235363a2232376365633962316662393434316330366364623036383132346630333364306562393334313864376361346163313337373265643238333564346330323462623135666261373434346539353764643034336631303230383363376432613561376632303730633134653833623734393131333864663230396462343937634a587259724948465657516a443877445547614d7478784256544672615956454430734530396f49486d553369696b77416c54723472663773726a4e4931523576316176544c48654a64736949696d5159424e4a6972794e5a78784968564634666d4261446a765a7439756c426d4d387955595a762f4a6c6838564a72763176223b73657474696e67735f666c6173687c733a32373a22426572686173696c206d656e616d62616820646174612062616e6b223b5f5f63695f766172737c613a313a7b733a31343a2273657474696e67735f666c617368223b733a333a226f6c64223b7d),
('brgcc1qnr7dlgabsccshm9figm81rdip', '::1', 1620099000, 0x5f5f63695f6c6173745f726567656e65726174657c693a313632303039393030303b5f5f4143544956455f53455353494f4e5f444154417c733a3235363a2232376365633962316662393434316330366364623036383132346630333364306562393334313864376361346163313337373265643238333564346330323462623135666261373434346539353764643034336631303230383363376432613561376632303730633134653833623734393131333864663230396462343937634a587259724948465657516a443877445547614d7478784256544672615956454430734530396f49486d553369696b77416c54723472663773726a4e4931523576316176544c48654a64736949696d5159424e4a6972794e5a78784968564634666d4261446a765a7439756c426d4d387955595a762f4a6c6838564a72763176223b73657474696e67735f666c6173687c733a33303a2250656e6761747572616e20626572686173696c2064697065726261727569223b5f5f63695f766172737c613a313a7b733a31343a2273657474696e67735f666c617368223b733a333a226e6577223b7d),
('1og7pgtc34a46idost0uuhifdm3nhd50', '127.0.0.1', 1620099383, 0x5f5f63695f6c6173745f726567656e65726174657c693a313632303039393338333b5f5f4143544956455f53455353494f4e5f444154417c733a3235363a2237623937663132313139616232376131383832313665336435613662316237333033363930333932373637393631333039323266356234666135633839663562326136396265393134656539383030373330373737366666303233633738646332656538386566376436376363633435663834373364343630633865656533656a526c55526651396d414c532b6f54416c4164345a62646e47516e6479522f70376a3066454778384e6b4c376c6b3768793651384b38544353754e68524167664330782b7366704d785471796e774d617676754247356d73305a512b4d53655470466f6e5464392b69564b306d5450516b332f4f6b6f532b3562327042693567223b),
('55jumuo7gblbhpdtrma4hvipgdu7d8pb', '127.0.0.1', 1620099574, 0x5f5f63695f6c6173745f726567656e65726174657c693a313632303039393338333b5f5f4143544956455f53455353494f4e5f444154417c733a3235363a2237623937663132313139616232376131383832313665336435613662316237333033363930333932373637393631333039323266356234666135633839663562326136396265393134656539383030373330373737366666303233633738646332656538386566376436376363633435663834373364343630633865656533656a526c55526651396d414c532b6f54416c4164345a62646e47516e6479522f70376a3066454778384e6b4c376c6b3768793651384b38544353754e68524167664330782b7366704d785471796e774d617676754247356d73305a512b4d53655470466f6e5464392b69564b306d5450516b332f4f6b6f532b3562327042693567223b),
('tp8h1r0gn8sm6elk9lkqr67adpcvdggm', '::1', 1620101053, 0x5f5f63695f6c6173745f726567656e65726174657c693a313632303130313035333b5f5f4143544956455f53455353494f4e5f444154417c733a3235363a2232376365633962316662393434316330366364623036383132346630333364306562393334313864376361346163313337373265643238333564346330323462623135666261373434346539353764643034336631303230383363376432613561376632303730633134653833623734393131333864663230396462343937634a587259724948465657516a443877445547614d7478784256544672615956454430734530396f49486d553369696b77416c54723472663773726a4e4931523576316176544c48654a64736949696d5159424e4a6972794e5a78784968564634666d4261446a765a7439756c426d4d387955595a762f4a6c6838564a72763176223b),
('ngm7k6q3b26bjk4enrr6thi61h71828c', '::1', 1620101054, 0x5f5f63695f6c6173745f726567656e65726174657c693a313632303130313035333b5f5f4143544956455f53455353494f4e5f444154417c733a3235363a2232376365633962316662393434316330366364623036383132346630333364306562393334313864376361346163313337373265643238333564346330323462623135666261373434346539353764643034336631303230383363376432613561376632303730633134653833623734393131333864663230396462343937634a587259724948465657516a443877445547614d7478784256544672615956454430734530396f49486d553369696b77416c54723472663773726a4e4931523576316176544c48654a64736949696d5159424e4a6972794e5a78784968564634666d4261446a765a7439756c426d4d387955595a762f4a6c6838564a72763176223b),
('vpsu99i6o6vq66d3hmdr4dqrv3rr6lju', '127.0.0.1', 1620357908, 0x5f5f63695f6c6173745f726567656e65726174657c693a313632303335373635353b5f5f4143544956455f53455353494f4e5f444154417c733a3235363a2234626236343332613561386464326366353037663064613834663436306234393461363565313266623635316630663364623163633930363434376236333461366137623830363861376663353365383235366266666461343231613539363338333163303538393136376531356365663436373266643861386232383361636b4748786630466f59636b3267334d4d42594f552b51715735437a4d546d56673841636656692f4d326d2b75426a70585069557745452b495a6c6169564658726157536f6b6e343038714d48597652476e76304d6d565477454253684452615339774e5653304d764b67326c78746269732f6e324a374a4c73534b3554705653223b73746f72655f666c6173687c733a32363a2250656e646166746172616e20616b756e20626572686173696c21223b5f5f63695f766172737c613a313a7b733a31313a2273746f72655f666c617368223b733a333a226f6c64223b7d),
('tlhcc40c4t3dunl7tio8pum3vrkaspa0', '::1', 1640843549, 0x5f5f63695f6c6173745f726567656e65726174657c693a313634303834333534393b7265646972656374696f6e7c4e3b6c6f67696e5f666c6173687c733a31363a22426572686173696c206c6f676f757421223b5f5f63695f766172737c613a323a7b733a31313a226c6f67696e5f666c617368223b733a333a226f6c64223b733a31383a22656469745f70726f647563745f666c617368223b733a333a226f6c64223b7d5f5f4143544956455f53455353494f4e5f444154417c733a3235363a2237613534323563656634363034376664616433623439643737663631646332636262643463396636333462666165363863376634623735653637666231346661383262383966323234656661666433323235356434346338386433653665316332356361646237353864373263353734303834383666313732646233653235375753722b3144697070434e6366464e706b7846386d63466e50427977465452723248467a56304544305a3135545275634a636c36717959793368633370473172385857454f46454f6b4f5549777a6950312f4b3368644455516b34737170466e716246646e5a6d424566394f6b41466a3979553771717448434953542f754972223b656469745f70726f647563745f666c6173687c733a32373a2250726f64756b20626572686173696c206469706572626172756921223b),
('k372oshvckscqlvn9fboqp4j2tpomen6', '::1', 1640843822, 0x5f5f63695f6c6173745f726567656e65726174657c693a313634303834333534393b7265646972656374696f6e7c4e3b6c6f67696e5f666c6173687c733a31363a22426572686173696c206c6f676f757421223b5f5f63695f766172737c613a323a7b733a31313a226c6f67696e5f666c617368223b733a333a226f6c64223b733a31383a22656469745f70726f647563745f666c617368223b733a333a226f6c64223b7d5f5f4143544956455f53455353494f4e5f444154417c733a3235363a2237613534323563656634363034376664616433623439643737663631646332636262643463396636333462666165363863376634623735653637666231346661383262383966323234656661666433323235356434346338386433653665316332356361646237353864373263353734303834383666313732646233653235375753722b3144697070434e6366464e706b7846386d63466e50427977465452723248467a56304544305a3135545275634a636c36717959793368633370473172385857454f46454f6b4f5549777a6950312f4b3368644455516b34737170466e716246646e5a6d424566394f6b41466a3979553771717448434953542f754972223b656469745f70726f647563745f666c6173687c733a32373a2250726f64756b20626572686173696c206469706572626172756921223b),
('jtsfr79jn3vqrfmdadtej0uasij4tumj', '::1', 1640844198, 0x5f5f63695f6c6173745f726567656e65726174657c693a313634303834333931303b5f5f4143544956455f53455353494f4e5f444154417c733a3235363a2239616131626534336530306664656239333565666664666538626533343839366362383636653130356536656536653065646236313435633234646337303033363734323434306634666338623937326134313335626630373639396263366336363333356466633430393262356339646531643739393032653764366633346f4a465457524f445844644247314d346a35476767456851726776654f76496c6258766b356a4a2b36484f76616568434a4946356f5877434c44753932346c56574b464f6f354d6963446934374d616c2b4f445835766249517632776c71394f4c4e4d38665a766552324c6d6b58544d65434d32494f6650507774392b466d6c223b7265646972656374696f6e7c733a38383a226148523063446f764c327876593246736147397a64433930623274764c584e68655856794c326c755a4756344c6e426f634339685a47317062693977636d396b64574e306379396c5a476c3058334279623252315933513d223b656469745f70726f647563745f666c6173687c733a32373a2250726f64756b20626572686173696c206469706572626172756921223b5f5f63695f766172737c613a313a7b733a31383a22656469745f70726f647563745f666c617368223b733a333a226f6c64223b7d636172745f636f6e74656e74737c613a333a7b733a31303a22636172745f746f74616c223b643a31323030303b733a31313a22746f74616c5f6974656d73223b643a313b733a33323a226534646133623766626263653233343564373737326230363734613331386435223b613a363a7b733a323a226964223b733a313a2235223b733a333a22717479223b643a313b733a353a227072696365223b643a31323030303b733a343a226e616d65223b733a363a22576f7274656c223b733a353a22726f776964223b733a33323a226534646133623766626263653233343564373737326230363734613331386435223b733a383a22737562746f74616c223b643a31323030303b7d7d),
('c5jgi0o3m8eldrat1f7t9ev1och3i66k', '::1', 1640844544, 0x5f5f63695f6c6173745f726567656e65726174657c693a313634303834343234393b7265646972656374696f6e7c733a38383a226148523063446f764c327876593246736147397a64433930623274764c584e68655856794c326c755a4756344c6e426f634339685a47317062693977636d396b64574e306379396c5a476c3058334279623252315933513d223b6c6f67696e5f666c6173687c733a31353a2250617373776f72642073616c616821223b5f5f63695f766172737c613a333a7b733a31313a226c6f67696e5f666c617368223b733a333a226f6c64223b733a31323a226f6c645f757365726e616d65223b733a333a226f6c64223b733a31383a22656469745f70726f647563745f666c617368223b733a333a226f6c64223b7d6f6c645f757365726e616d657c733a353a2261646d696e223b5f5f4143544956455f53455353494f4e5f444154417c733a3235363a223335396634643866633430343365656563353631613430333662333233366564393861623561646565333332663633303564653631613231383636636430646135386365353861333531663333663232383434393464633532343663393663366131666162663861393333643964363963343361323636323865656437386130474c5666674f386b5656464962307363684e6241426f5034427152516273426b4762736f50646555443261496c6743744c745533595948504d5064726d467267792b55706f495259636577734a2b41784b4230496e6a50386e7a4b316a54756a35783635796a5341626673747a4652697761386e3457716b41647368774d5270223b656469745f70726f647563745f666c6173687c733a32373a2250726f64756b20626572686173696c206469706572626172756921223b),
('4qeie4b8chq45jl2atuc3nhu91ecsb25', '::1', 1640844856, 0x5f5f63695f6c6173745f726567656e65726174657c693a313634303834343539333b5f5f4143544956455f53455353494f4e5f444154417c733a3235363a223835363064313366353834623666373932643132623832653034326266393666393636386636326637626261386563393266633062343537333137303165646536323836376138326465653837353334663463643663663634636138353138633361376338616562323333333163356266316434633538646132643536666631344a4e61505742774457374b43656c6934423747455143374b773345594b62672f62774a746c456b31654a334e5a4e6a644765624570334b687830644a4432476a564d55395a626e65426b615361716a787a574b474b6547336a6d30574359616d6b7772586f4f7a485a5a532b485965316f563249426c6d74666e6754315245223b7265646972656374696f6e7c733a38383a226148523063446f764c327876593246736147397a64433930623274764c584e68655856794c326c755a4756344c6e426f634339685a47317062693977636d396b64574e306379396c5a476c3058334279623252315933513d223b656469745f70726f647563745f666c6173687c733a32373a2250726f64756b20626572686173696c206469706572626172756921223b5f5f63695f766172737c613a313a7b733a31383a22656469745f70726f647563745f666c617368223b733a333a226f6c64223b7d),
('j4sq3luk5o3p4atscs6q6o1ej0bm2m15', '::1', 1640845299, 0x5f5f63695f6c6173745f726567656e65726174657c693a313634303834353239393b),
('998v1u8mrq02efaoc66s82csvqpehjj8', '::1', 1640845632, 0x5f5f63695f6c6173745f726567656e65726174657c693a313634303834353633323b73657474696e67735f666c6173687c733a33303a2250656e6761747572616e20626572686173696c2064697065726261727569223b5f5f63695f766172737c613a313a7b733a31343a2273657474696e67735f666c617368223b733a333a226f6c64223b7d),
('n4rvkgmghr7hg4q6pf1gd5hkpb2hgbvn', '::1', 1640845936, 0x5f5f63695f6c6173745f726567656e65726174657c693a313634303834353933363b73657474696e67735f666c6173687c733a32363a2250726f66696c20626572686173696c2064697065726261727569223b5f5f63695f766172737c613a313a7b733a31343a2273657474696e67735f666c617368223b733a333a226f6c64223b7d),
('9s4nevoqf2doooqk4a3s9d9i04lp4ng8', '::1', 1640846288, 0x5f5f63695f6c6173745f726567656e65726174657c693a313634303834363238383b73657474696e67735f666c6173687c733a32363a2250726f66696c20626572686173696c2064697065726261727569223b5f5f63695f766172737c613a313a7b733a31343a2273657474696e67735f666c617368223b733a333a226f6c64223b7d),
('qg7ih4fm8si572gtmmilduv1a46bhjta', '::1', 1640846619, 0x5f5f63695f6c6173745f726567656e65726174657c693a313634303834363631393b73657474696e67735f666c6173687c733a32363a2250726f66696c20626572686173696c2064697065726261727569223b5f5f63695f766172737c613a313a7b733a31343a2273657474696e67735f666c617368223b733a333a226f6c64223b7d),
('vsfnqvivtfn55p72eesfaq5270e8optd', '::1', 1640846922, 0x5f5f63695f6c6173745f726567656e65726174657c693a313634303834363932323b73657474696e67735f666c6173687c733a33303a2250656e6761747572616e20626572686173696c2064697065726261727569223b5f5f63695f766172737c613a313a7b733a31343a2273657474696e67735f666c617368223b733a333a226f6c64223b7d),
('11e7bh6qnnhpqej66v0bnpd2qjfm22hc', '::1', 1640847248, 0x5f5f63695f6c6173745f726567656e65726174657c693a313634303834373234383b73657474696e67735f666c6173687c733a33303a2250656e6761747572616e20626572686173696c2064697065726261727569223b5f5f63695f766172737c613a323a7b733a31343a2273657474696e67735f666c617368223b733a333a226f6c64223b733a31313a226c6f67696e5f666c617368223b733a333a226f6c64223b7d6c6f67696e5f666c6173687c733a31363a22426572686173696c206c6f676f757421223b7265646972656374696f6e7c4e3b),
('j9qor45r7d2q72e4u02iievs506g6h62', '::1', 1640847559, 0x5f5f63695f6c6173745f726567656e65726174657c693a313634303834373535393b73657474696e67735f666c6173687c733a33303a2250656e6761747572616e20626572686173696c2064697065726261727569223b5f5f63695f766172737c613a323a7b733a31343a2273657474696e67735f666c617368223b733a333a226f6c64223b733a31313a226c6f67696e5f666c617368223b733a333a226f6c64223b7d6c6f67696e5f666c6173687c733a31363a22426572686173696c206c6f676f757421223b7265646972656374696f6e7c4e3b),
('jn578er892cs44rqeeksadlrnhlemd10', '::1', 1640847868, 0x5f5f63695f6c6173745f726567656e65726174657c693a313634303834373836383b73657474696e67735f666c6173687c733a33303a2250656e6761747572616e20626572686173696c2064697065726261727569223b5f5f63695f766172737c613a343a7b733a31343a2273657474696e67735f666c617368223b733a333a226f6c64223b733a31313a226c6f67696e5f666c617368223b733a333a226f6c64223b733a31323a226f6c645f757365726e616d65223b733a333a226f6c64223b733a31313a2273746f72655f666c617368223b733a333a226f6c64223b7d6c6f67696e5f666c6173687c733a31353a2250617373776f72642073616c616821223b6f6c645f757365726e616d657c733a353a2261646d696e223b5f5f4143544956455f53455353494f4e5f444154417c733a3235363a2233363862383536303631326233343731313431633834356132356136653566303338636534366137656439383632646137626234663038323435346136333532306562343565353538396535343638666335393565323238613338656566373433393366343134303133663936613861616130333737336561326165663837626b6f4846685a4c344d2f614d794876764e4272494f455548696b467148583962626f4f466c437a7a326c4c35555639304e565a32336b50786b307256382b346b484a7848784e454f2b796647676c317a39333631316f67455636487044617a444c59706d5747444f6a7564415a41413633747761726e504e64594245417a5434223b73746f72655f666c6173687c733a32363a2250656e646166746172616e20616b756e20626572686173696c21223b7265646972656374696f6e7c733a36303a226148523063446f764c327876593246736147397a64433930623274764c584e68655856794c326c755a4756344c6e426f634339685a47317062673d3d223b),
('ahcogsrltcd2u3agtto6ilrbd0qd8leb', '::1', 1640848183, 0x5f5f63695f6c6173745f726567656e65726174657c693a313634303834383138333b73657474696e67735f666c6173687c733a33303a2250656e6761747572616e20626572686173696c2064697065726261727569223b5f5f63695f766172737c613a343a7b733a31343a2273657474696e67735f666c617368223b733a333a226f6c64223b733a31313a226c6f67696e5f666c617368223b733a333a226f6c64223b733a31323a226f6c645f757365726e616d65223b733a333a226f6c64223b733a31313a2273746f72655f666c617368223b733a333a226f6c64223b7d6c6f67696e5f666c6173687c733a31363a22426572686173696c206c6f676f757421223b6f6c645f757365726e616d657c733a353a2261646d696e223b5f5f4143544956455f53455353494f4e5f444154417c733a3235363a2233363862383536303631326233343731313431633834356132356136653566303338636534366137656439383632646137626234663038323435346136333532306562343565353538396535343638666335393565323238613338656566373433393366343134303133663936613861616130333737336561326165663837626b6f4846685a4c344d2f614d794876764e4272494f455548696b467148583962626f4f466c437a7a326c4c35555639304e565a32336b50786b307256382b346b484a7848784e454f2b796647676c317a39333631316f67455636487044617a444c59706d5747444f6a7564415a41413633747761726e504e64594245417a5434223b73746f72655f666c6173687c733a32363a2250656e646166746172616e20616b756e20626572686173696c21223b7265646972656374696f6e7c4e3b),
('vrj0bd2s2omou811vsifcagfa9b6ko0e', '::1', 1640848491, 0x5f5f63695f6c6173745f726567656e65726174657c693a313634303834383439313b73657474696e67735f666c6173687c733a33303a2250656e6761747572616e20626572686173696c2064697065726261727569223b5f5f63695f766172737c613a343a7b733a31343a2273657474696e67735f666c617368223b733a333a226f6c64223b733a31313a226c6f67696e5f666c617368223b733a333a226f6c64223b733a31323a226f6c645f757365726e616d65223b733a333a226f6c64223b733a31313a2273746f72655f666c617368223b733a333a226f6c64223b7d6c6f67696e5f666c6173687c733a31363a22426572686173696c206c6f676f757421223b6f6c645f757365726e616d657c733a353a2261646d696e223b5f5f4143544956455f53455353494f4e5f444154417c733a3235363a2233363862383536303631326233343731313431633834356132356136653566303338636534366137656439383632646137626234663038323435346136333532306562343565353538396535343638666335393565323238613338656566373433393366343134303133663936613861616130333737336561326165663837626b6f4846685a4c344d2f614d794876764e4272494f455548696b467148583962626f4f466c437a7a326c4c35555639304e565a32336b50786b307256382b346b484a7848784e454f2b796647676c317a39333631316f67455636487044617a444c59706d5747444f6a7564415a41413633747761726e504e64594245417a5434223b73746f72655f666c6173687c733a32363a2250656e646166746172616e20616b756e20626572686173696c21223b7265646972656374696f6e7c4e3b636172745f636f6e74656e74737c613a343a7b733a31303a22636172745f746f74616c223b643a3131383638303b733a31313a22746f74616c5f6974656d73223b643a323b733a33323a226334636134323338613062393233383230646363353039613666373538343962223b613a363a7b733a323a226964223b733a313a2231223b733a333a22717479223b643a313b733a353a227072696365223b643a3130353638303b733a343a226e616d65223b733a31363a22457268612046616369616c2057617368223b733a353a22726f776964223b733a33323a226334636134323338613062393233383230646363353039613666373538343962223b733a383a22737562746f74616c223b643a3130353638303b7d733a33323a226338316537323864396434633266363336663036376638396363313438363263223b613a363a7b733a323a226964223b733a313a2232223b733a333a22717479223b643a313b733a353a227072696365223b643a31333030303b733a343a226e616d65223b733a31333a225465726d6f7265782036304d4c223b733a353a22726f776964223b733a33323a226338316537323864396434633266363336663036376638396363313438363263223b733a383a22737562746f74616c223b643a31333030303b7d7d6f726465725f7175616e746974797c613a323a7b693a313b613a323a7b733a333a22717479223b643a313b733a353a227072696365223b643a3130353638303b7d693a323b613a323a7b733a333a22717479223b643a313b733a353a227072696365223b643a31333030303b7d7d746f74616c5f70726963657c643a3131383638303b),
('rdfbefhm8m9c4bm5cggnerihqto3ij5p', '::1', 1640848799, 0x5f5f63695f6c6173745f726567656e65726174657c693a313634303834383739393b73657474696e67735f666c6173687c733a33303a2250656e6761747572616e20626572686173696c2064697065726261727569223b5f5f63695f766172737c613a373a7b733a31343a2273657474696e67735f666c617368223b733a333a226f6c64223b733a31313a226c6f67696e5f666c617368223b733a333a226f6c64223b733a31323a226f6c645f757365726e616d65223b733a333a226f6c64223b733a31313a2273746f72655f666c617368223b733a333a226f6c64223b733a31313a226f726465725f666c617368223b733a333a226f6c64223b733a31333a227061796d656e745f666c617368223b733a333a226f6c64223b733a373a2270726f66696c65223b733a333a226f6c64223b7d6c6f67696e5f666c6173687c733a31363a22426572686173696c206c6f676f757421223b6f6c645f757365726e616d657c733a353a2261646d696e223b73746f72655f666c6173687c733a32363a2250656e646166746172616e20616b756e20626572686173696c21223b7265646972656374696f6e7c4e3b6f726465725f666c6173687c733a32363a224f7264657220626572686173696c20646974616d6261686b616e223b7061796d656e745f666c6173687c733a37393a224b6f6e6669726d61736920626572686173696c2064696c616b756b616e2e2041646d696e20616b616e206d656d7665726966696b6173696e79612064616c616d2077616b74752031783234206a616d223b70726f66696c657c733a32373a2250726f66696c20626572686173696c206469706572626172756921223b5f5f4143544956455f53455353494f4e5f444154417c733a3235363a226263386666633437666432393365373366633365373561316434316366383338623333666263346361393738366464643863343733626538336462393530333230346338353538356534306565353030363863343562373738623861346630616331383439343561616562363431643533386162313935306632646539626331415a2f63593130345241534849414c447441466b38505a614a714a614b6c376f4a766b506a75384b796364732f6f7472716b306c465248664b4f5636672f454e7757794b786736735a4365495252564c615371592f506c6c7338486a526465626635492f4a507753762f786238555336745733552b63364c2b4f692b394d745a223b),
('0h6lnps29m4sevmqaba9dab96tsb3csn', '::1', 1640849102, 0x5f5f63695f6c6173745f726567656e65726174657c693a313634303834393130323b73657474696e67735f666c6173687c733a33303a2250656e6761747572616e20626572686173696c2064697065726261727569223b5f5f63695f766172737c613a373a7b733a31343a2273657474696e67735f666c617368223b733a333a226f6c64223b733a31313a226c6f67696e5f666c617368223b733a333a226f6c64223b733a31323a226f6c645f757365726e616d65223b733a333a226f6c64223b733a31313a2273746f72655f666c617368223b733a333a226f6c64223b733a31313a226f726465725f666c617368223b733a333a226f6c64223b733a31333a227061796d656e745f666c617368223b733a333a226f6c64223b733a373a2270726f66696c65223b733a333a226f6c64223b7d6c6f67696e5f666c6173687c733a31363a22426572686173696c206c6f676f757421223b6f6c645f757365726e616d657c733a353a2261646d696e223b73746f72655f666c6173687c733a32363a2250656e646166746172616e20616b756e20626572686173696c21223b7265646972656374696f6e7c4e3b6f726465725f666c6173687c733a32363a224f7264657220626572686173696c20646974616d6261686b616e223b7061796d656e745f666c6173687c733a33323a2250656d6261796172616e20626572686173696c2064696b6f6e6669726d617369223b70726f66696c657c733a32373a2250726f66696c20626572686173696c206469706572626172756921223b),
('idecljao3cbb05l7u9m5cdg883uavvlp', '::1', 1640849599, 0x5f5f63695f6c6173745f726567656e65726174657c693a313634303834393539393b73657474696e67735f666c6173687c733a33303a2250656e6761747572616e20626572686173696c2064697065726261727569223b5f5f63695f766172737c613a373a7b733a31343a2273657474696e67735f666c617368223b733a333a226f6c64223b733a31313a226c6f67696e5f666c617368223b733a333a226f6c64223b733a31323a226f6c645f757365726e616d65223b733a333a226f6c64223b733a31313a2273746f72655f666c617368223b733a333a226f6c64223b733a31313a226f726465725f666c617368223b733a333a226f6c64223b733a31333a227061796d656e745f666c617368223b733a333a226f6c64223b733a373a2270726f66696c65223b733a333a226f6c64223b7d6c6f67696e5f666c6173687c733a31363a22426572686173696c206c6f676f757421223b6f6c645f757365726e616d657c733a353a2261646d696e223b73746f72655f666c6173687c733a32363a2250656e646166746172616e20616b756e20626572686173696c21223b7265646972656374696f6e7c4e3b6f726465725f666c6173687c733a32363a2253746174757320626572686173696c2064697065726261727569223b7061796d656e745f666c6173687c733a33323a2250656d6261796172616e20626572686173696c2064696b6f6e6669726d617369223b70726f66696c657c733a32373a2250726f66696c20626572686173696c206469706572626172756921223b5f5f4143544956455f53455353494f4e5f444154417c733a3235363a22373664646133613161363864393466313532313133303366383765336533386431656132636136656230396235616235623631613334623132616538623632643230343133653265326535646664326663653539386263326133623162303933616331356534396439316666316339353265666339333535323734616362376236373349735759786c39484149395143327a3977764b30352f515363303341625a3462392f46554846656c357a776c4259496176566e4a4f32354f5a6e734764615442586e425761532b4b364530707a776d756f676263517a53716b6a2f79363646394d484533384c2f6554423348744c4a6d71454a6e5a544d6d2b65364643223b),
('013laoa6k7plvr5a4i4aklsg5spu7da4', '::1', 1640850108, 0x5f5f63695f6c6173745f726567656e65726174657c693a313634303835303130383b73657474696e67735f666c6173687c733a33303a2250656e6761747572616e20626572686173696c2064697065726261727569223b5f5f63695f766172737c613a373a7b733a31343a2273657474696e67735f666c617368223b733a333a226f6c64223b733a31313a226c6f67696e5f666c617368223b733a333a226f6c64223b733a31323a226f6c645f757365726e616d65223b733a333a226f6c64223b733a31313a2273746f72655f666c617368223b733a333a226f6c64223b733a31313a226f726465725f666c617368223b733a333a226f6c64223b733a31333a227061796d656e745f666c617368223b733a333a226f6c64223b733a373a2270726f66696c65223b733a333a226f6c64223b7d6c6f67696e5f666c6173687c733a31363a22426572686173696c206c6f676f757421223b6f6c645f757365726e616d657c733a353a2261646d696e223b73746f72655f666c6173687c733a32363a2250656e646166746172616e20616b756e20626572686173696c21223b7265646972656374696f6e7c4e3b6f726465725f666c6173687c733a32363a2253746174757320626572686173696c2064697065726261727569223b7061796d656e745f666c6173687c733a33323a2250656d6261796172616e20626572686173696c2064696b6f6e6669726d617369223b70726f66696c657c733a32373a2250726f66696c20626572686173696c206469706572626172756921223b5f5f4143544956455f53455353494f4e5f444154417c733a3235363a22373664646133613161363864393466313532313133303366383765336533386431656132636136656230396235616235623631613334623132616538623632643230343133653265326535646664326663653539386263326133623162303933616331356534396439316666316339353265666339333535323734616362376236373349735759786c39484149395143327a3977764b30352f515363303341625a3462392f46554846656c357a776c4259496176566e4a4f32354f5a6e734764615442586e425761532b4b364530707a776d756f676263517a53716b6a2f79363646394d484533384c2f6554423348744c4a6d71454a6e5a544d6d2b65364643223b),
('ktqfhn824s3injj1vs72sao0hdn3n2ft', '::1', 1640850413, 0x5f5f63695f6c6173745f726567656e65726174657c693a313634303835303431333b73657474696e67735f666c6173687c733a33303a2250656e6761747572616e20626572686173696c2064697065726261727569223b5f5f63695f766172737c613a373a7b733a31343a2273657474696e67735f666c617368223b733a333a226f6c64223b733a31313a226c6f67696e5f666c617368223b733a333a226f6c64223b733a31323a226f6c645f757365726e616d65223b733a333a226f6c64223b733a31313a2273746f72655f666c617368223b733a333a226f6c64223b733a31313a226f726465725f666c617368223b733a333a226f6c64223b733a31333a227061796d656e745f666c617368223b733a333a226f6c64223b733a373a2270726f66696c65223b733a333a226f6c64223b7d6c6f67696e5f666c6173687c733a31363a22426572686173696c206c6f676f757421223b6f6c645f757365726e616d657c733a353a2261646d696e223b73746f72655f666c6173687c733a32363a2250656e646166746172616e20616b756e20626572686173696c21223b7265646972656374696f6e7c4e3b6f726465725f666c6173687c733a32363a2253746174757320626572686173696c2064697065726261727569223b7061796d656e745f666c6173687c733a33323a2250656d6261796172616e20626572686173696c2064696b6f6e6669726d617369223b70726f66696c657c733a32373a2250726f66696c20626572686173696c206469706572626172756921223b),
('n4jtcmq2mnih4k6tg2s5nekb63skmsdt', '::1', 1640850704, 0x5f5f63695f6c6173745f726567656e65726174657c693a313634303835303431333b73657474696e67735f666c6173687c733a33303a2250656e6761747572616e20626572686173696c2064697065726261727569223b5f5f63695f766172737c613a373a7b733a31343a2273657474696e67735f666c617368223b733a333a226f6c64223b733a31313a226c6f67696e5f666c617368223b733a333a226f6c64223b733a31323a226f6c645f757365726e616d65223b733a333a226f6c64223b733a31313a2273746f72655f666c617368223b733a333a226f6c64223b733a31313a226f726465725f666c617368223b733a333a226f6c64223b733a31333a227061796d656e745f666c617368223b733a333a226f6c64223b733a373a2270726f66696c65223b733a333a226f6c64223b7d6c6f67696e5f666c6173687c733a31363a22426572686173696c206c6f676f757421223b6f6c645f757365726e616d657c733a353a2261646d696e223b73746f72655f666c6173687c733a32363a2250656e646166746172616e20616b756e20626572686173696c21223b7265646972656374696f6e7c733a38343a226148523063446f764c327876593246736147397a64433930623274764c584e68655856794c326c755a4756344c6e426f6343396a64584e306232316c6369397759586c745a5735306379396a6232356d61584a74223b6f726465725f666c6173687c733a32363a2253746174757320626572686173696c2064697065726261727569223b7061796d656e745f666c6173687c733a33323a2250656d6261796172616e20626572686173696c2064696b6f6e6669726d617369223b70726f66696c657c733a32373a2250726f66696c20626572686173696c206469706572626172756921223b);

-- --------------------------------------------------------

--
-- Table structure for table `contacts`
--

CREATE TABLE `contacts` (
  `id` int(10) NOT NULL,
  `parent_id` int(10) DEFAULT NULL,
  `name` varchar(32) NOT NULL,
  `subject` varchar(128) DEFAULT NULL,
  `email` varchar(64) NOT NULL,
  `message` mediumtext NOT NULL,
  `contact_date` datetime DEFAULT NULL,
  `status` tinyint(1) DEFAULT 1,
  `reply_at` datetime DEFAULT NULL
) ENGINE=InnoDB DEFAULT CHARSET=utf8mb4;

--
-- Dumping data for table `contacts`
--

INSERT INTO `contacts` (`id`, `parent_id`, `name`, `subject`, `email`, `message`, `contact_date`, `status`, `reply_at`) VALUES
(1, NULL, 'Agung Tri Saputra', 'Pengiriman kok lama?', 'martinms.za@gmail.com', 'pengiriman pesanan saya kok lama ya', '2020-03-29 07:40:13', 2, NULL);

-- --------------------------------------------------------

--
-- Table structure for table `coupons`
--

CREATE TABLE `coupons` (
  `id` bigint(20) NOT NULL,
  `name` varchar(191) NOT NULL,
  `code` varchar(32) NOT NULL,
  `credit` decimal(8,2) NOT NULL,
  `start_date` date NOT NULL,
  `expired_date` date NOT NULL,
  `is_active` tinyint(4) DEFAULT 1
) ENGINE=InnoDB DEFAULT CHARSET=utf8mb4;

--
-- Dumping data for table `coupons`
--

INSERT INTO `coupons` (`id`, `name`, `code`, `credit`, `start_date`, `expired_date`, `is_active`) VALUES
(4, 'Berbagi Ramadhan', 'RAMADHAN2021', '5000.00', '2021-05-02', '2021-05-09', 1),
(5, 'WELCOME MAY', 'MAY21', '4000.00', '2021-05-01', '2021-05-08', 1);

-- --------------------------------------------------------

--
-- Table structure for table `customers`
--

CREATE TABLE `customers` (
  `id` bigint(20) NOT NULL,
  `user_id` bigint(20) UNSIGNED DEFAULT NULL,
  `name` varchar(191) NOT NULL,
  `phone_number` varchar(32) DEFAULT NULL,
  `address` varchar(191) NOT NULL,
  `profile_picture` varchar(191) DEFAULT NULL
) ENGINE=InnoDB DEFAULT CHARSET=utf8mb4;

--
-- Dumping data for table `customers`
--

INSERT INTO `customers` (`id`, `user_id`, `name`, `phone_number`, `address`, `profile_picture`) VALUES
(6, 7, 'Kemal', '081328907767', 'Kost Indah Jaya Belakang No. 19, Jl. Medan Baru VI, Kandang Limun, Bengkulu', 'agung.png'),
(7, 8, 'ASR', '08227163734', 'medan', NULL),
(9, 10, 'ayucantik', '081256458752', 'jl manjuhan', NULL);

-- --------------------------------------------------------

--
-- Table structure for table `orders`
--

CREATE TABLE `orders` (
  `id` bigint(20) NOT NULL,
  `user_id` bigint(20) UNSIGNED DEFAULT NULL,
  `coupon_id` bigint(20) DEFAULT NULL,
  `order_number` varchar(16) NOT NULL,
  `order_status` enum('1','2','3','4','5') DEFAULT '1',
  `order_date` datetime NOT NULL,
  `total_price` decimal(8,2) DEFAULT NULL,
  `total_items` int(10) DEFAULT NULL,
  `payment_method` int(11) DEFAULT 1,
  `delivery_data` text DEFAULT NULL,
  `delivered_date` datetime DEFAULT NULL,
  `finish_date` datetime DEFAULT NULL
) ENGINE=InnoDB DEFAULT CHARSET=utf8mb4;

--
-- Dumping data for table `orders`
--

INSERT INTO `orders` (`id`, `user_id`, `coupon_id`, `order_number`, `order_status`, `order_date`, `total_price`, `total_items`, `payment_method`, `delivery_data`, `delivered_date`, `finish_date`) VALUES
(9, 7, NULL, 'ZCV352137461', '3', '2021-05-03 00:03:44', '62000.00', 3, 2, '{\"customer\":{\"name\":\"Agung Tri Saputra\",\"phone_number\":\"081328907767\",\"address\":\"Kost Indah Jaya Belakang No. 19, Jl. Medan Baru VI, Kandang Limun, Bengkulu\"},\"note\":\"\"}', NULL, NULL),
(10, 7, NULL, 'WGY452127307', '1', '2021-05-04 10:31:43', '142000.00', 2, 1, '{\"customer\":{\"name\":\"Agung Tri Saputra\",\"phone_number\":\"081328907767\",\"address\":\"Kost Indah Jaya Belakang No. 19, Jl. Medan Baru VI, Kandang Limun, Bengkulu\"},\"note\":\"\"}', NULL, NULL),
(11, 7, NULL, 'XCB452117342', '2', '2021-05-04 10:35:42', '130000.00', 1, 1, '{\"customer\":{\"name\":\"Agung Tri Saputra\",\"phone_number\":\"081328907767\",\"address\":\"Kost Indah Jaya Belakang No. 19, Jl. Medan Baru VI, Kandang Limun, Bengkulu\"},\"note\":\"\"}', NULL, NULL),
(14, 10, NULL, 'SBW301221110910', '3', '2021-12-30 14:23:27', '123098.00', 1, 1, '{\"customer\":{\"name\":\"ayucantik\",\"phone_number\":\"081256458752\",\"address\":\"jl manjuhan\"},\"note\":\"dada\"}', NULL, NULL);

-- --------------------------------------------------------

--
-- Table structure for table `order_items`
--

CREATE TABLE `order_items` (
  `id` bigint(20) NOT NULL,
  `order_id` bigint(20) DEFAULT NULL,
  `product_id` bigint(20) DEFAULT NULL,
  `order_qty` int(10) NOT NULL,
  `order_price` decimal(8,2) DEFAULT NULL
) ENGINE=InnoDB DEFAULT CHARSET=utf8mb4;

--
-- Dumping data for table `order_items`
--

INSERT INTO `order_items` (`id`, `order_id`, `product_id`, `order_qty`, `order_price`) VALUES
(13, 9, 9, 1, '35000.00'),
(14, 9, 10, 1, '12000.00'),
(15, 9, 11, 1, '15000.00'),
(16, 10, 1, 2, '65000.00'),
(17, 10, 10, 1, '12000.00'),
(18, 11, 1, 2, '65000.00'),
(22, 14, 14, 2, '61549.00');

-- --------------------------------------------------------

--
-- Table structure for table `payments`
--

CREATE TABLE `payments` (
  `id` bigint(20) NOT NULL,
  `order_id` bigint(20) DEFAULT NULL,
  `payment_price` decimal(8,2) DEFAULT NULL,
  `payment_date` datetime NOT NULL,
  `picture_name` varchar(191) DEFAULT NULL,
  `payment_status` enum('1','2','3') DEFAULT '1',
  `confirmed_date` datetime DEFAULT NULL,
  `payment_data` text DEFAULT NULL
) ENGINE=InnoDB DEFAULT CHARSET=utf8mb4;

--
-- Dumping data for table `payments`
--

INSERT INTO `payments` (`id`, `order_id`, `payment_price`, `payment_date`, `picture_name`, `payment_status`, `confirmed_date`, `payment_data`) VALUES
(4, 5, '271000.00', '2020-03-29 08:20:39', 'category-1.jpg', '1', NULL, '{\"transfer_to\":\"bri\",\"source\":{\"bank\":\"Bank BRI\",\"name\":\"Agung Tri Saputra\",\"number\":\"12-345-678-9\"}}'),
(5, 7, '78000.00', '2020-03-30 08:51:08', 'html5.jpg', '2', NULL, '{\"transfer_to\":\"btn\",\"source\":{\"bank\":\"BANK BCA\",\"name\":\"MMS\",\"number\":\"123-456\"}}'),
(6, 11, '130000.00', '2021-05-04 10:39:11', 'REAKSI_ARTILERI-removebg-preview.png', '1', NULL, '{\"transfer_to\":\"bank-jago-xx\",\"source\":{\"bank\":\"we\",\"name\":\"ddf\",\"number\":\"123\"}}'),
(9, 14, '123098.00', '2021-12-30 14:24:11', 'Proyapoteksehatmedikaek_Baru2.png', '2', NULL, '{\"transfer_to\":\"bank-jago-xx\",\"source\":{\"bank\":\"BNI\",\"name\":\"Ayu\",\"number\":\"1234645621322315645\"}}');

-- --------------------------------------------------------

--
-- Table structure for table `products`
--

CREATE TABLE `products` (
  `id` bigint(20) NOT NULL,
  `category_id` int(10) DEFAULT NULL,
  `sku` varchar(32) DEFAULT NULL,
  `name` varchar(191) NOT NULL,
  `description` varchar(191) DEFAULT NULL,
  `picture_name` varchar(191) DEFAULT NULL,
  `price` decimal(8,2) NOT NULL,
  `current_discount` decimal(8,2) DEFAULT 0.00,
  `stock` int(10) NOT NULL,
  `product_unit` varchar(32) DEFAULT NULL,
  `is_available` tinyint(1) DEFAULT 1,
  `add_date` datetime DEFAULT NULL
) ENGINE=InnoDB DEFAULT CHARSET=utf8mb4;

--
-- Dumping data for table `products`
--

INSERT INTO `products` (`id`, `category_id`, `sku`, `name`, `description`, `picture_name`, `price`, `current_discount`, `stock`, `product_unit`, `is_available`, `add_date`) VALUES
(1, 2, 'SB750372', 'Erha Facial Wash', NULL, 'gambar6.jpg', '107680.00', '2000.00', 50, 'Pcs', 1, '2020-03-26 15:02:52'),
(2, 1, 'BS350420', 'Termorex 60ML', NULL, 'gambarr5.jpg', '14000.00', '1000.00', 10, 'Pcs', 1, '2020-03-26 15:03:40'),
(4, 1, 'TS120790', 'Atorvastatin Calcium', NULL, 'gambar26.jpg', '5665.00', '0.00', 20, 'Pcs', 1, '2020-03-26 19:36:30'),
(5, 1, 'WS120811', 'Kalbe Plantacid Sirup', NULL, 'gambarr3.jpg', '38500.00', '0.00', 20, 'Pcs', 1, '2020-03-26 19:36:51'),
(8, 1, 'PS220885', 'Farma Bufect Suspension', NULL, 'gambar4.jpg', '18375.00', '0.00', 20, 'Pcs', 1, '2020-03-26 19:38:05'),
(9, 2, 'AB450163', 'Acnes Saling Jell', NULL, 'gambar7.jpg', '32000.00', '5000.00', 50, 'Pcs', 1, '2020-03-26 19:42:43'),
(10, 1, 'BMS120283', 'Fluconazole Kf', NULL, 'gambar28.jpg', '26899.00', '0.00', 20, 'Pcs', 1, '2020-03-26 19:44:42'),
(11, 9, 'URS13301', 'OB Herbal Junior', NULL, 'gambar9.jpg', '18000.00', '0.00', 8, 'Pcs', 1, '2020-03-26 19:45:01'),
(12, 9, 'BPS15347', 'Thermolyte Plus 30\'S', NULL, 'gambar10.jpg', '218500.00', '0.00', 5, 'Pcs', 1, '2020-03-26 19:45:47'),
(13, 9, 'KPS223370', 'Iboe Curmino Cap', NULL, 'gambar22.jpg', '52547.00', '0.00', 23, 'Pcs', 1, '2020-03-26 19:46:10'),
(14, 10, 'CMS410424', 'Bebelac Gold Soya', NULL, 'gambar1.jpg', '72549.00', '11000.00', 10, 'Pcs', 1, '2020-03-26 19:47:04');

-- --------------------------------------------------------

--
-- Table structure for table `product_category`
--

CREATE TABLE `product_category` (
  `id` int(10) NOT NULL,
  `name` varchar(191) NOT NULL
) ENGINE=InnoDB DEFAULT CHARSET=utf8mb4;

--
-- Dumping data for table `product_category`
--

INSERT INTO `product_category` (`id`, `name`) VALUES
(1, 'obat'),
(2, 'perawatan tubuh'),
(9, 'herbal'),
(10, 'ibu dan anak');

-- --------------------------------------------------------

--
-- Table structure for table `reviews`
--

CREATE TABLE `reviews` (
  `id` bigint(20) NOT NULL,
  `user_id` bigint(20) UNSIGNED DEFAULT NULL,
  `order_id` bigint(20) DEFAULT NULL,
  `title` varchar(191) DEFAULT NULL,
  `review_text` mediumtext NOT NULL,
  `review_date` datetime NOT NULL,
  `status` tinyint(1) NOT NULL DEFAULT 1
) ENGINE=InnoDB DEFAULT CHARSET=utf8mb4;

--
-- Dumping data for table `reviews`
--

INSERT INTO `reviews` (`id`, `user_id`, `order_id`, `title`, `review_text`, `review_date`, `status`) VALUES
(2, 7, 6, 'Sangat puas', 'Pengiriman cepat dan sayur segar', '2020-03-30 08:31:31', 1),
(3, 7, 5, 'Buah segar', 'Buah segar dan kualitasnya sangat bagus', '2020-03-30 08:33:10', 1);

-- --------------------------------------------------------

--
-- Table structure for table `settings`
--

CREATE TABLE `settings` (
  `id` int(10) NOT NULL,
  `key` varchar(32) NOT NULL,
  `content` text NOT NULL
) ENGINE=InnoDB DEFAULT CHARSET=utf8mb4;

--
-- Dumping data for table `settings`
--

INSERT INTO `settings` (`id`, `key`, `content`) VALUES
(1, 'current_theme_name', 'vegefoods'),
(2, 'store_name', 'Apotek Sehat Medika'),
(3, 'store_phone_number', '085246365180'),
(4, 'store_email', 'sehatmedika@gmail.com'),
(5, 'store_tagline', 'Apotek dengan produk terbaik'),
(6, 'store_logo', 'Logoapotek.png'),
(7, 'max_product_image_size', '20000'),
(8, 'store_description', 'Belanja obat, herbal dll dengan harga yang pas.'),
(9, 'store_address', 'JL. RAJAWALI'),
(10, 'min_shop_to_free_shipping_cost', '20000'),
(11, 'shipping_cost', '3000'),
(12, 'payment_banks', '{\"bank-jago-xx\":{\"bank\":\"BANK JAGO xx\",\"number\":\"271121\",\"name\":\"Ayu Sari Rahmadani\"},\"bank-jagoss\":{\"bank\":\"BANK JAGOss\",\"number\":\"020402\",\"name\":\"ASR\"},\"bank-jagossxx\":{\"bank\":\"BANK JAGOssxx\",\"number\":\"171103\",\"name\":\"Lamak\"}}');

-- --------------------------------------------------------

--
-- Table structure for table `users`
--

CREATE TABLE `users` (
  `id` bigint(20) UNSIGNED NOT NULL,
  `name` varchar(50) COLLATE utf8mb4_unicode_ci DEFAULT NULL,
  `email` varchar(191) COLLATE utf8mb4_unicode_ci NOT NULL,
  `email_verified_at` timestamp NULL DEFAULT NULL,
  `username` varchar(16) COLLATE utf8mb4_unicode_ci NOT NULL,
  `password` varchar(191) COLLATE utf8mb4_unicode_ci NOT NULL,
  `profile_picture` varchar(128) COLLATE utf8mb4_unicode_ci DEFAULT NULL,
  `role` varchar(32) COLLATE utf8mb4_unicode_ci DEFAULT '0' COMMENT '1 = admin, 2 = customer',
  `register_date` datetime DEFAULT NULL
) ENGINE=InnoDB DEFAULT CHARSET=utf8mb4 COLLATE=utf8mb4_unicode_ci;

--
-- Dumping data for table `users`
--

INSERT INTO `users` (`id`, `name`, `email`, `email_verified_at`, `username`, `password`, `profile_picture`, `role`, `register_date`) VALUES
(1, 'Admin Apotek', 'admin@local.test', NULL, 'admin', '$2y$10$Brm3RNWFKvZ1e0ej1vBz9.QbFMW21q0l/iDSt5aDOoGj9zlLFuxh6', 'agung1.png', 'admin', NULL),
(7, 'Customer Toko Sayur', 'customer@local.test', NULL, 'customer', '$2y$10$6C/A5Yy1gt4yhStWDWN1M.isBaznzDc.MZJdIj7UddW3.qIX5vDvK', NULL, 'customer', '2020-03-29 08:14:30'),
(8, NULL, 'martinms.za@gmail.com', NULL, 'test', '$2y$10$gj4QxFnTj0dlpwJvT4aJiOM5UW6uCt7MdafC6VrnqsKDi0/JKmsLS', NULL, 'customer', '2021-05-07 10:25:08'),
(10, NULL, 'ayucantik@gmail.com', NULL, 'ayucantik', '$2y$10$2V6s5RMmpCDUXXfUPIz8QOvhxP/SWJKiFyhdIfRjIouQ5C2HCKyAa', NULL, 'customer', '2021-12-30 14:22:34');

--
-- Indexes for dumped tables
--

--
-- Indexes for table `ci_sessions`
--
ALTER TABLE `ci_sessions`
  ADD KEY `ci_sessions_timestamp` (`timestamp`);

--
-- Indexes for table `contacts`
--
ALTER TABLE `contacts`
  ADD PRIMARY KEY (`id`),
  ADD KEY `FK_contacts_contacts` (`parent_id`);

--
-- Indexes for table `coupons`
--
ALTER TABLE `coupons`
  ADD PRIMARY KEY (`id`);

--
-- Indexes for table `customers`
--
ALTER TABLE `customers`
  ADD PRIMARY KEY (`id`),
  ADD KEY `FK_customers_users` (`user_id`);

--
-- Indexes for table `orders`
--
ALTER TABLE `orders`
  ADD PRIMARY KEY (`id`),
  ADD KEY `FK_orders_users` (`user_id`),
  ADD KEY `FK_orders_coupons` (`coupon_id`);

--
-- Indexes for table `order_items`
--
ALTER TABLE `order_items`
  ADD PRIMARY KEY (`id`),
  ADD KEY `order_id` (`order_id`),
  ADD KEY `product_id` (`product_id`);

--
-- Indexes for table `payments`
--
ALTER TABLE `payments`
  ADD PRIMARY KEY (`id`),
  ADD KEY `order_id` (`order_id`);

--
-- Indexes for table `products`
--
ALTER TABLE `products`
  ADD PRIMARY KEY (`id`),
  ADD KEY `FK_products_product_category` (`category_id`);

--
-- Indexes for table `product_category`
--
ALTER TABLE `product_category`
  ADD PRIMARY KEY (`id`);

--
-- Indexes for table `reviews`
--
ALTER TABLE `reviews`
  ADD PRIMARY KEY (`id`),
  ADD KEY `FK_reviews_users` (`user_id`),
  ADD KEY `FK_reviews_orders` (`order_id`);

--
-- Indexes for table `settings`
--
ALTER TABLE `settings`
  ADD PRIMARY KEY (`id`) USING BTREE;

--
-- Indexes for table `users`
--
ALTER TABLE `users`
  ADD PRIMARY KEY (`id`) USING BTREE,
  ADD UNIQUE KEY `users_email_unique` (`email`) USING BTREE;

--
-- AUTO_INCREMENT for dumped tables
--

--
-- AUTO_INCREMENT for table `contacts`
--
ALTER TABLE `contacts`
  MODIFY `id` int(10) NOT NULL AUTO_INCREMENT, AUTO_INCREMENT=3;

--
-- AUTO_INCREMENT for table `coupons`
--
ALTER TABLE `coupons`
  MODIFY `id` bigint(20) NOT NULL AUTO_INCREMENT, AUTO_INCREMENT=6;

--
-- AUTO_INCREMENT for table `customers`
--
ALTER TABLE `customers`
  MODIFY `id` bigint(20) NOT NULL AUTO_INCREMENT, AUTO_INCREMENT=10;

--
-- AUTO_INCREMENT for table `orders`
--
ALTER TABLE `orders`
  MODIFY `id` bigint(20) NOT NULL AUTO_INCREMENT, AUTO_INCREMENT=15;

--
-- AUTO_INCREMENT for table `order_items`
--
ALTER TABLE `order_items`
  MODIFY `id` bigint(20) NOT NULL AUTO_INCREMENT, AUTO_INCREMENT=23;

--
-- AUTO_INCREMENT for table `payments`
--
ALTER TABLE `payments`
  MODIFY `id` bigint(20) NOT NULL AUTO_INCREMENT, AUTO_INCREMENT=10;

--
-- AUTO_INCREMENT for table `products`
--
ALTER TABLE `products`
  MODIFY `id` bigint(20) NOT NULL AUTO_INCREMENT, AUTO_INCREMENT=15;

--
-- AUTO_INCREMENT for table `product_category`
--
ALTER TABLE `product_category`
  MODIFY `id` int(10) NOT NULL AUTO_INCREMENT, AUTO_INCREMENT=11;

--
-- AUTO_INCREMENT for table `reviews`
--
ALTER TABLE `reviews`
  MODIFY `id` bigint(20) NOT NULL AUTO_INCREMENT, AUTO_INCREMENT=4;

--
-- AUTO_INCREMENT for table `settings`
--
ALTER TABLE `settings`
  MODIFY `id` int(10) NOT NULL AUTO_INCREMENT, AUTO_INCREMENT=13;

--
-- AUTO_INCREMENT for table `users`
--
ALTER TABLE `users`
  MODIFY `id` bigint(20) UNSIGNED NOT NULL AUTO_INCREMENT, AUTO_INCREMENT=11;

--
-- Constraints for dumped tables
--

--
-- Constraints for table `contacts`
--
ALTER TABLE `contacts`
  ADD CONSTRAINT `FK_contacts_contacts` FOREIGN KEY (`parent_id`) REFERENCES `contacts` (`id`) ON DELETE CASCADE ON UPDATE NO ACTION;

--
-- Constraints for table `customers`
--
ALTER TABLE `customers`
  ADD CONSTRAINT `FK_customers_users` FOREIGN KEY (`user_id`) REFERENCES `users` (`id`) ON DELETE NO ACTION ON UPDATE CASCADE;

--
-- Constraints for table `orders`
--
ALTER TABLE `orders`
  ADD CONSTRAINT `FK_orders_coupons` FOREIGN KEY (`coupon_id`) REFERENCES `coupons` (`id`) ON DELETE SET NULL ON UPDATE CASCADE,
  ADD CONSTRAINT `FK_orders_users` FOREIGN KEY (`user_id`) REFERENCES `users` (`id`) ON DELETE NO ACTION ON UPDATE CASCADE;

--
-- Constraints for table `order_items`
--
ALTER TABLE `order_items`
  ADD CONSTRAINT `order_items_ibfk_1` FOREIGN KEY (`order_id`) REFERENCES `orders` (`id`) ON DELETE CASCADE ON UPDATE NO ACTION,
  ADD CONSTRAINT `order_items_ibfk_2` FOREIGN KEY (`product_id`) REFERENCES `products` (`id`) ON DELETE CASCADE ON UPDATE NO ACTION;
COMMIT;

/*!40101 SET CHARACTER_SET_CLIENT=@OLD_CHARACTER_SET_CLIENT */;
/*!40101 SET CHARACTER_SET_RESULTS=@OLD_CHARACTER_SET_RESULTS */;
/*!40101 SET COLLATION_CONNECTION=@OLD_COLLATION_CONNECTION */;
